id,name,x,y
3,Base #3,501103.75,-228677.21875
4,Base #4,238473.0,42454.90625
6,Base #6,-359922.59375,20576.796875
7,Base #7,-380210.5,122441.90625
14,Base #14,250886.65625,-373233.9375
16,Base #16,381496.71875,-784987.5625
17,Base #17,175687.5625,93650.3359375
19,Base #19,-874143.375,452655.4375
20,Base #20,226155.09375,78638.015625
21,Base #21,364523.0,-640859.375
23,Base #23,180253.875,19827.630859375
24,Base #24,-117226.4140625,-118823.921875
25,Base #25,442734.96875,-144185.75
26,Base #26,-488345.6875,-8676.533203125
27,Base #27,157429.078125,235667.8125
28,Base #28,-532052.5625,-430985.03125
29,Base #29,-664853.4375,-240175.25
30,Base #30,376790.625,-490929.21875
31,Base #31,569069.625,-223185.375
37,Base #37,-81008.2890625,-381908.1875
38,Base #38,-418170.59375,-51152.53125
41,Base #41,309378.09375,234498.09375
42,Base #42,-810213.6875,-262778.875
43,Base #43,13952.576171875,-124521.71875
45,Base #45,580984.9375,-779628.0
46,Base #46,524151.96875,-252223.0
47,Base #47,300204.375,-267282.125
49,Base #49,121548.921875,-92814.96875
50,Base #50,-811416.8125,-306674.4375
53,Base #53,-358280.53125,-483153.875
55,Base #55,125667.65625,-1706.795166015625
56,Base #56,-475895.875,502332.8125
58,Base #58,-505423.6875,133858.90625
59,Base #59,-624313.8125,445300.84375
62,Base #62,204857.5625,13342.69921875
63,Base #63,90813.8125,-145347.625
64,Base #64,-871463.25,-175885.8125
65,Base #65,-857359.8125,-146864.9375
66,Base #66,122094.53125,-748617.9375
67,Base #67,-433785.46875,-702144.0625
68,Base #68,126631.546875,-769655.5
69,Base #69,-760204.75,-682865.25
70,Base #70,-277326.46875,-676678.8125
71,Base #71,-616943.25,-556521.75
72,Base #72,-483693.71875,196470.515625
73,Base #73,-448914.5,74902.6015625
74,Base #74,43891.78515625,-380.390869140625
75,Base #75,181638.09375,-277526.75
76,Base #76,-264485.15625,-158025.203125
77,Base #77,-263004.8125,-773809.75
78,Base #78,-152902.78125,291790.65625
79,Base #79,210784.46875,-398583.0625
80,Base #80,254430.59375,69580.125
81,Base #81,-441590.25,-77887.109375
82,Base #82,-345222.84375,-547885.4375
83,Base #83,-92933.0078125,500561.4375
84,Base #84,280079.90625,-755910.1875
85,Base #85,581852.0,553664.875
86,Base #86,-647523.125,-9711.90625
87,Base #87,-485853.25,-273947.25
88,Base #88,583138.9375,270373.25
89,Base #89,357590.8125,-524228.0625
90,Base #90,518305.25,-343136.5
91,Base #91,-456202.3125,-105589.4375
92,Base #92,-797725.0,-85772.5078125
93,Base #93,551899.9375,-153612.21875
94,Base #94,-452535.25,425330.28125
95,Base #95,-775662.125,583428.5625
96,Base #96,521695.09375,-300958.25
97,Base #97,258934.25,-54171.62890625
98,Base #98,-555216.625,-51938.984375
99,Base #99,-865200.25,-727862.4375
100,Base #100,-62774.7109375,-77872.890625
101,Base #101,-256420.484375,-4045.3671875
102,Base #102,328197.4375,-369991.75
103,Base #103,-477400.28125,-701669.1875
104,Base #104,446443.34375,263168.78125
105,Base #105,491928.5625,-191398.5625
106,Base #106,-519534.71875,586146.375
107,Base #107,439486.90625,-815466.6875
108,Base #108,-694822.0,-219395.90625
109,Base #109,76166.8125,-685865.5
110,Base #110,-871947.5,542479.625
111,Base #111,-77563.71875,348954.875
112,Base #112,-79182.3203125,224670.28125
113,Base #113,-24201.3671875,-59326.83984375
114,Base #114,-25034.724609375,-121536.1796875
115,Base #115,175406.21875,-199702.203125
116,Base #116,-593421.625,73841.7578125
117,Base #117,-486266.0625,-408816.5625
118,Base #118,147902.59375,-296827.5
119,Base #119,213024.234375,-665904.0
120,Base #120,-322143.0625,-339796.40625
121,Base #121,144936.515625,-369747.125
122,Base #122,139522.3125,-276813.875
123,Base #123,156293.4375,38364.6015625
124,Base #124,178483.125,-57517.8671875
125,Base #125,335928.1875,123547.1953125
126,Base #126,178671.53125,229128.375
127,Base #127,-22181.318359375,545255.8125
128,Base #128,-869131.0625,-203301.828125
129,Base #129,-420555.96875,-82400.6171875
130,Base #130,-438624.1875,112262.296875
131,Base #131,368656.3125,52353.55859375
132,Base #132,18090.90625,40073.94140625
133,Base #133,368658.875,160358.046875
134,Base #134,-108479.9296875,-87299.734375
135,Base #135,269433.125,511548.75
136,Base #136,14498.345703125,-188761.03125
137,Base #137,367673.9375,390501.03125
138,Base #138,-498865.625,-557314.75
139,Base #139,-789680.125,-65461.34375
140,Base #140,224218.125,539899.0
141,Base #141,149004.75,-226034.65625
142,Base #142,-574402.5,-522848.75
143,Base #143,-186963.375,80344.9609375
144,Base #144,98454.671875,45046.51953125
145,Base #145,274172.90625,337148.375
146,Base #146,196930.796875,-423716.375
147,Base #147,-548272.25,-661987.875
148,Base #148,-515762.21875,40196.27734375
149,Base #149,-436663.4375,-617195.5
150,Base #150,-873.470703125,-693548.5625
151,Base #151,-878375.1875,-319612.6875
152,Base #152,-658506.8125,-268441.84375
153,Base #153,-469014.3125,-663207.9375
154,Base #154,-38068.9765625,-96391.484375
155,Base #155,-14275.962890625,-731485.8125
156,Base #156,183130.078125,281905.71875
157,Base #157,-706131.6875,-130544.0859375
158,Base #158,-334466.1875,-478054.78125
159,Base #159,19889.859375,-670938.6875
160,Base #160,106531.5390625,-666206.625
161,Base #161,96907.2421875,-772373.375
162,Base #162,-57559.52734375,-620482.75
163,Base #163,231445.75,-447583.75
164,Base #164,94317.2890625,230737.359375
165,Base #165,494583.03125,174276.1875
166,Base #166,543539.875,-62950.171875
167,Base #167,529575.25,-180576.765625
168,Base #168,-181489.1875,-166999.65625
169,Base #169,-223023.546875,-179375.09375
170,Base #170,-180724.296875,-140084.109375
171,Base #171,-175069.75,-213260.796875
172,Base #172,148822.484375,5882.6884765625
173,Base #173,-275642.25,311168.15625
174,Base #174,457175.125,-459384.6875
175,Base #175,410270.5,256385.5
176,Base #176,38487.375,-543271.5625
177,Base #177,-143930.3125,-143592.1875
